,키워드
0,가평군 여행지
1,가평 여행지
2,강남구 여행지
3,강남 여행지
4,서울 여행지
5,서울 강남구 여행지
6,서울 강남 여행지
7,강동구 여행지
8,강동 여행지
9,서울 여행지
10,서울 강동구 여행지
11,서울 강동 여행지
12,강릉시 여행지
13,강릉 여행지
14,강북구 여행지
15,강북 여행지
16,서울 여행지
17,서울 강북구 여행지
18,서울 강북 여행지
19,강서구 여행지
20,강서 여행지
21,부산 여행지
22,부산 강서구 여행지
23,부산 강서 여행지
24,강서구 여행지
25,강서 여행지
26,서울 여행지
27,서울 강서구 여행지
28,서울 강서 여행지
29,강진군 여행지
30,강진 여행지
31,전남 여행지
32,전남 강진군 여행지
33,전남 강진 여행지
34,강화군 여행지
35,강화 여행지
36,인천 여행지
37,인천 강화군 여행지
38,인천 강화 여행지
39,거제시 여행지
40,거제 여행지
41,경남 여행지
42,경남 거제시 여행지
43,경남 거제 여행지
44,거창군 여행지
45,거창 여행지
46,경남 여행지
47,경남 거창군 여행지
48,경남 거창 여행지
49,경산시 여행지
50,경산 여행지
51,경북 여행지
52,경북 경산시 여행지
53,경북 경산 여행지
54,경주시 여행지
55,경주 여행지
56,경북 여행지
57,경북 경주시 여행지
58,경북 경주 여행지
59,계룡시 여행지
60,계룡 여행지
61,충남 여행지
62,충남 계룡시 여행지
63,충남 계룡 여행지
64,계양구 여행지
65,계양 여행지
66,인천 여행지
67,인천 계양구 여행지
68,인천 계양 여행지
69,고령군 여행지
70,고령 여행지
71,경북 여행지
72,경북 고령군 여행지
73,경북 고령 여행지
74,고성군 여행지
75,고성 여행지
76,경남 여행지
77,경남 고성군 여행지
78,경남 고성 여행지
79,고성군 여행지
80,고성 여행지
81,고양시 여행지
82,고양 여행지
83,고창군 여행지
84,고창 여행지
85,전북 여행지
86,전북 고창군 여행지
87,전북 고창 여행지
88,고흥군 여행지
89,고흥 여행지
90,전남 여행지
91,전남 고흥군 여행지
92,전남 고흥 여행지
93,곡성군 여행지
94,곡성 여행지
95,전남 여행지
96,전남 곡성군 여행지
97,전남 곡성 여행지
98,공주시 여행지
99,공주 여행지
100,충남 여행지
101,충남 공주시 여행지
102,충남 공주 여행지
103,과천시 여행지
104,과천 여행지
105,관악구 여행지
106,관악 여행지
107,서울 여행지
108,서울 관악구 여행지
109,서울 관악 여행지
110,광명시 여행지
111,광명 여행지
112,광산구 여행지
113,광산 여행지
114,광주 여행지
115,광주 광산구 여행지
116,광주 광산 여행지
117,광양시 여행지
118,광양 여행지
119,전남 여행지
120,전남 광양시 여행지
121,전남 광양 여행지
122,광주시 여행지
123,광주 여행지
124,광진구 여행지
125,광진 여행지
126,서울 여행지
127,서울 광진구 여행지
128,서울 광진 여행지
129,괴산군 여행지
130,괴산 여행지
131,충북 여행지
132,충북 괴산군 여행지
133,충북 괴산 여행지
134,구례군 여행지
135,구례 여행지
136,전남 여행지
137,전남 구례군 여행지
138,전남 구례 여행지
139,구로구 여행지
140,구로 여행지
141,서울 여행지
142,서울 구로구 여행지
143,서울 구로 여행지
144,구리시 여행지
145,구리 여행지
146,구미시 여행지
147,구미 여행지
148,경북 여행지
149,경북 구미시 여행지
150,경북 구미 여행지
151,군산시 여행지
152,군산 여행지
153,전북 여행지
154,전북 군산시 여행지
155,전북 군산 여행지
156,군위군 여행지
157,군위 여행지
158,경북 여행지
159,경북 군위군 여행지
160,경북 군위 여행지
161,군포시 여행지
162,군포 여행지
163,금산군 여행지
164,금산 여행지
165,충남 여행지
166,충남 금산군 여행지
167,충남 금산 여행지
168,금정구 여행지
169,금정 여행지
170,부산 여행지
171,부산 금정구 여행지
172,부산 금정 여행지
173,금천구 여행지
174,금천 여행지
175,서울 여행지
176,서울 금천구 여행지
177,서울 금천 여행지
178,기장군 여행지
179,기장 여행지
180,부산 여행지
181,부산 기장군 여행지
182,부산 기장 여행지
183,김제시 여행지
184,김제 여행지
185,전북 여행지
186,전북 김제시 여행지
187,전북 김제 여행지
188,김천시 여행지
189,김천 여행지
190,경북 여행지
191,경북 김천시 여행지
192,경북 김천 여행지
193,김포시 여행지
194,김포 여행지
195,김해시 여행지
196,김해 여행지
197,경남 여행지
198,경남 김해시 여행지
199,경남 김해 여행지
200,나주시 여행지
201,나주 여행지
202,전남 여행지
203,전남 나주시 여행지
204,전남 나주 여행지
205,남구 여행지
206,광주 여행지
207,광주 남구 여행지
208,남구 여행지
209,대구 여행지
210,대구 남구 여행지
211,남구 여행지
212,부산 여행지
213,부산 남구 여행지
214,남구 여행지
215,울산 여행지
216,울산 남구 여행지
217,남동구 여행지
218,남동 여행지
219,인천 여행지
220,인천 남동구 여행지
221,인천 남동 여행지
222,남양주시 여행지
223,남양주 여행지
224,남원시 여행지
225,남원 여행지
226,전북 여행지
227,전북 남원시 여행지
228,전북 남원 여행지
229,남해군 여행지
230,남해 여행지
231,경남 여행지
232,경남 남해군 여행지
233,경남 남해 여행지
234,노원구 여행지
235,노원 여행지
236,서울 여행지
237,서울 노원구 여행지
238,서울 노원 여행지
239,논산시 여행지
240,논산 여행지
241,충남 여행지
242,충남 논산시 여행지
243,충남 논산 여행지
244,단양군 여행지
245,단양 여행지
246,충북 여행지
247,충북 단양군 여행지
248,충북 단양 여행지
249,달서구 여행지
250,달서 여행지
251,대구 여행지
252,대구 달서구 여행지
253,대구 달서 여행지
254,달성군 여행지
255,달성 여행지
256,대구 여행지
257,대구 달성군 여행지
258,대구 달성 여행지
259,담양군 여행지
260,담양 여행지
261,전남 여행지
262,전남 담양군 여행지
263,전남 담양 여행지
264,당진시 여행지
265,당진 여행지
266,충남 여행지
267,충남 당진시 여행지
268,충남 당진 여행지
269,대덕구 여행지
270,대덕 여행지
271,대전 여행지
272,대전 대덕구 여행지
273,대전 대덕 여행지
274,도봉구 여행지
275,도봉 여행지
276,서울 여행지
277,서울 도봉구 여행지
278,서울 도봉 여행지
279,동대문구 여행지
280,동대문 여행지
281,서울 여행지
282,서울 동대문구 여행지
283,서울 동대문 여행지
284,동구 여행지
285,광주 여행지
286,광주 동구 여행지
287,동구 여행지
288,대구 여행지
289,대구 동구 여행지
290,동구 여행지
291,대전 여행지
292,대전 동구 여행지
293,동구 여행지
294,부산 여행지
295,부산 동구 여행지
296,동구 여행지
297,울산 여행지
298,울산 동구 여행지
299,동구 여행지
300,인천 여행지
301,인천 동구 여행지
302,동두천시 여행지
303,동두천 여행지
304,동래구 여행지
305,동래 여행지
306,부산 여행지
307,부산 동래구 여행지
308,부산 동래 여행지
309,동작구 여행지
310,동작 여행지
311,서울 여행지
312,서울 동작구 여행지
313,서울 동작 여행지
314,동해시 여행지
315,동해 여행지
316,마포구 여행지
317,마포 여행지
318,서울 여행지
319,서울 마포구 여행지
320,서울 마포 여행지
321,목포시 여행지
322,목포 여행지
323,전남 여행지
324,전남 목포시 여행지
325,전남 목포 여행지
326,무안군 여행지
327,무안 여행지
328,전남 여행지
329,전남 무안군 여행지
330,전남 무안 여행지
331,무주군 여행지
332,무주 여행지
333,전북 여행지
334,전북 무주군 여행지
335,전북 무주 여행지
336,문경시 여행지
337,문경 여행지
338,경북 여행지
339,경북 문경시 여행지
340,경북 문경 여행지
341,미추홀구 여행지
342,미추홀 여행지
343,인천 여행지
344,인천 미추홀구 여행지
345,인천 미추홀 여행지
346,밀양시 여행지
347,밀양 여행지
348,경남 여행지
349,경남 밀양시 여행지
350,경남 밀양 여행지
351,보령시 여행지
352,보령 여행지
353,충남 여행지
354,충남 보령시 여행지
355,충남 보령 여행지
356,보성군 여행지
357,보성 여행지
358,전남 여행지
359,전남 보성군 여행지
360,전남 보성 여행지
361,보은군 여행지
362,보은 여행지
363,충북 여행지
364,충북 보은군 여행지
365,충북 보은 여행지
366,봉화군 여행지
367,봉화 여행지
368,경북 여행지
369,경북 봉화군 여행지
370,경북 봉화 여행지
371,부산진구 여행지
372,부산진 여행지
373,부산 여행지
374,부산 부산진구 여행지
375,부산 부산진 여행지
376,부안군 여행지
377,부안 여행지
378,전북 여행지
379,전북 부안군 여행지
380,전북 부안 여행지
381,부여군 여행지
382,부여 여행지
383,충남 여행지
384,충남 부여군 여행지
385,충남 부여 여행지
386,부천시 여행지
387,부천 여행지
388,부평구 여행지
389,부평 여행지
390,인천 여행지
391,인천 부평구 여행지
392,인천 부평 여행지
393,북구 여행지
394,광주 여행지
395,광주 북구 여행지
396,북구 여행지
397,대구 여행지
398,대구 북구 여행지
399,북구 여행지
400,부산 여행지
401,부산 북구 여행지
402,북구 여행지
403,울산 여행지
404,울산 북구 여행지
405,사상구 여행지
406,사상 여행지
407,부산 여행지
408,부산 사상구 여행지
409,부산 사상 여행지
410,사천시 여행지
411,사천 여행지
412,경남 여행지
413,경남 사천시 여행지
414,경남 사천 여행지
415,사하구 여행지
416,사하 여행지
417,부산 여행지
418,부산 사하구 여행지
419,부산 사하 여행지
420,산청군 여행지
421,산청 여행지
422,경남 여행지
423,경남 산청군 여행지
424,경남 산청 여행지
425,삼척시 여행지
426,삼척 여행지
427,상주시 여행지
428,상주 여행지
429,경북 여행지
430,경북 상주시 여행지
431,경북 상주 여행지
432,서구 여행지
433,광주 여행지
434,광주 서구 여행지
435,서구 여행지
436,대구 여행지
437,대구 서구 여행지
438,서구 여행지
439,대전 여행지
440,대전 서구 여행지
441,서구 여행지
442,부산 여행지
443,부산 서구 여행지
444,서구 여행지
445,인천 여행지
446,인천 서구 여행지
447,서대문구 여행지
448,서대문 여행지
449,서울 여행지
450,서울 서대문구 여행지
451,서울 서대문 여행지
452,서산시 여행지
453,서산 여행지
454,충남 여행지
455,충남 서산시 여행지
456,충남 서산 여행지
457,서천군 여행지
458,서천 여행지
459,충남 여행지
460,충남 서천군 여행지
461,충남 서천 여행지
462,서초구 여행지
463,서초 여행지
464,서울 여행지
465,서울 서초구 여행지
466,서울 서초 여행지
467,성남시 여행지
468,성남 여행지
469,성동구 여행지
470,성동 여행지
471,서울 여행지
472,서울 성동구 여행지
473,서울 성동 여행지
474,성북구 여행지
475,성북 여행지
476,서울 여행지
477,서울 성북구 여행지
478,서울 성북 여행지
479,성주군 여행지
480,성주 여행지
481,경북 여행지
482,경북 성주군 여행지
483,경북 성주 여행지
484,속초시 여행지
485,속초 여행지
486,송파구 여행지
487,송파 여행지
488,서울 여행지
489,서울 송파구 여행지
490,서울 송파 여행지
491,수성구 여행지
492,수성 여행지
493,대구 여행지
494,대구 수성구 여행지
495,대구 수성 여행지
496,수영구 여행지
497,수영 여행지
498,부산 여행지
499,부산 수영구 여행지
500,부산 수영 여행지
501,수원시 여행지
502,수원 여행지
503,순창군 여행지
504,순창 여행지
505,전북 여행지
506,전북 순창군 여행지
507,전북 순창 여행지
508,순천시 여행지
509,순천 여행지
510,전남 여행지
511,전남 순천시 여행지
512,전남 순천 여행지
513,시흥시 여행지
514,시흥 여행지
515,신안군 여행지
516,신안 여행지
517,전남 여행지
518,전남 신안군 여행지
519,전남 신안 여행지
520,아산시 여행지
521,아산 여행지
522,충남 여행지
523,충남 아산시 여행지
524,충남 아산 여행지
525,안동시 여행지
526,안동 여행지
527,경북 여행지
528,경북 안동시 여행지
529,경북 안동 여행지
530,안산시 여행지
531,안산 여행지
532,안성시 여행지
533,안성 여행지
534,안양시 여행지
535,안양 여행지
536,양구군 여행지
537,양구 여행지
538,양산시 여행지
539,양산 여행지
540,경남 여행지
541,경남 양산시 여행지
542,경남 양산 여행지
543,양양군 여행지
544,양양 여행지
545,양주시 여행지
546,양주 여행지
547,양천구 여행지
548,양천 여행지
549,서울 여행지
550,서울 양천구 여행지
551,서울 양천 여행지
552,양평군 여행지
553,양평 여행지
554,여수시 여행지
555,여수 여행지
556,전남 여행지
557,전남 여수시 여행지
558,전남 여수 여행지
559,여주시 여행지
560,여주 여행지
561,연수구 여행지
562,연수 여행지
563,인천 여행지
564,인천 연수구 여행지
565,인천 연수 여행지
566,연제구 여행지
567,연제 여행지
568,부산 여행지
569,부산 연제구 여행지
570,부산 연제 여행지
571,연천군 여행지
572,연천 여행지
573,영광군 여행지
574,영광 여행지
575,전남 여행지
576,전남 영광군 여행지
577,전남 영광 여행지
578,영덕군 여행지
579,영덕 여행지
580,경북 여행지
581,경북 영덕군 여행지
582,경북 영덕 여행지
583,영도구 여행지
584,영도 여행지
585,부산 여행지
586,부산 영도구 여행지
587,부산 영도 여행지
588,영동군 여행지
589,영동 여행지
590,충북 여행지
591,충북 영동군 여행지
592,충북 영동 여행지
593,영등포구 여행지
594,영등포 여행지
595,서울 여행지
596,서울 영등포구 여행지
597,서울 영등포 여행지
598,영양군 여행지
599,영양 여행지
600,경북 여행지
601,경북 영양군 여행지
602,경북 영양 여행지
603,영월군 여행지
604,영월 여행지
605,영암군 여행지
606,영암 여행지
607,전남 여행지
608,전남 영암군 여행지
609,전남 영암 여행지
610,영주시 여행지
611,영주 여행지
612,경북 여행지
613,경북 영주시 여행지
614,경북 영주 여행지
615,영천시 여행지
616,영천 여행지
617,경북 여행지
618,경북 영천시 여행지
619,경북 영천 여행지
620,예산군 여행지
621,예산 여행지
622,충남 여행지
623,충남 예산군 여행지
624,충남 예산 여행지
625,예천군 여행지
626,예천 여행지
627,경북 여행지
628,경북 예천군 여행지
629,경북 예천 여행지
630,오산시 여행지
631,오산 여행지
632,옥천군 여행지
633,옥천 여행지
634,충북 여행지
635,충북 옥천군 여행지
636,충북 옥천 여행지
637,옹진군 여행지
638,옹진 여행지
639,인천 여행지
640,인천 옹진군 여행지
641,인천 옹진 여행지
642,완도군 여행지
643,완도 여행지
644,전남 여행지
645,전남 완도군 여행지
646,전남 완도 여행지
647,완주군 여행지
648,완주 여행지
649,전북 여행지
650,전북 완주군 여행지
651,전북 완주 여행지
652,용산구 여행지
653,용산 여행지
654,서울 여행지
655,서울 용산구 여행지
656,서울 용산 여행지
657,용인시 여행지
658,용인 여행지
659,울릉군 여행지
660,울릉 여행지
661,경북 여행지
662,경북 울릉군 여행지
663,경북 울릉 여행지
664,울주군 여행지
665,울주 여행지
666,울산 여행지
667,울산 울주군 여행지
668,울산 울주 여행지
669,울진군 여행지
670,울진 여행지
671,경북 여행지
672,경북 울진군 여행지
673,경북 울진 여행지
674,원주시 여행지
675,원주 여행지
676,유성구 여행지
677,유성 여행지
678,대전 여행지
679,대전 유성구 여행지
680,대전 유성 여행지
681,은평구 여행지
682,은평 여행지
683,서울 여행지
684,서울 은평구 여행지
685,서울 은평 여행지
686,음성군 여행지
687,음성 여행지
688,충북 여행지
689,충북 음성군 여행지
690,충북 음성 여행지
691,의령군 여행지
692,의령 여행지
693,경남 여행지
694,경남 의령군 여행지
695,경남 의령 여행지
696,의성군 여행지
697,의성 여행지
698,경북 여행지
699,경북 의성군 여행지
700,경북 의성 여행지
701,의왕시 여행지
702,의왕 여행지
703,의정부시 여행지
704,의정부 여행지
705,이천시 여행지
706,이천 여행지
707,익산시 여행지
708,익산 여행지
709,전북 여행지
710,전북 익산시 여행지
711,전북 익산 여행지
712,인제군 여행지
713,인제 여행지
714,임실군 여행지
715,임실 여행지
716,전북 여행지
717,전북 임실군 여행지
718,전북 임실 여행지
719,장성군 여행지
720,장성 여행지
721,전남 여행지
722,전남 장성군 여행지
723,전남 장성 여행지
724,장수군 여행지
725,장수 여행지
726,전북 여행지
727,전북 장수군 여행지
728,전북 장수 여행지
729,장흥군 여행지
730,장흥 여행지
731,전남 여행지
732,전남 장흥군 여행지
733,전남 장흥 여행지
734,전주시 여행지
735,전주 여행지
736,전북 여행지
737,전북 전주시 여행지
738,전북 전주 여행지
739,정선군 여행지
740,정선 여행지
741,정읍시 여행지
742,정읍 여행지
743,전북 여행지
744,전북 정읍시 여행지
745,전북 정읍 여행지
746,제천시 여행지
747,제천 여행지
748,충북 여행지
749,충북 제천시 여행지
750,충북 제천 여행지
751,종로구 여행지
752,종로 여행지
753,서울 여행지
754,서울 종로구 여행지
755,서울 종로 여행지
756,중구 여행지
757,대구 여행지
758,대구 중구 여행지
759,중구 여행지
760,대전 여행지
761,대전 중구 여행지
762,중구 여행지
763,부산 여행지
764,부산 중구 여행지
765,중구 여행지
766,서울 여행지
767,서울 중구 여행지
768,중구 여행지
769,울산 여행지
770,울산 중구 여행지
771,중구 여행지
772,인천 여행지
773,인천 중구 여행지
774,중랑구 여행지
775,중랑 여행지
776,서울 여행지
777,서울 중랑구 여행지
778,서울 중랑 여행지
779,증평군 여행지
780,증평 여행지
781,충북 여행지
782,충북 증평군 여행지
783,충북 증평 여행지
784,진도군 여행지
785,진도 여행지
786,전남 여행지
787,전남 진도군 여행지
788,전남 진도 여행지
789,진안군 여행지
790,진안 여행지
791,전북 여행지
792,전북 진안군 여행지
793,전북 진안 여행지
794,진주시 여행지
795,진주 여행지
796,경남 여행지
797,경남 진주시 여행지
798,경남 진주 여행지
799,진천군 여행지
800,진천 여행지
801,충북 여행지
802,충북 진천군 여행지
803,충북 진천 여행지
804,창녕군 여행지
805,창녕 여행지
806,경남 여행지
807,경남 창녕군 여행지
808,경남 창녕 여행지
809,창원시 여행지
810,창원 여행지
811,경남 여행지
812,경남 창원시 여행지
813,경남 창원 여행지
814,천안시 여행지
815,천안 여행지
816,충남 여행지
817,충남 천안시 여행지
818,충남 천안 여행지
819,철원군 여행지
820,철원 여행지
821,청도군 여행지
822,청도 여행지
823,경북 여행지
824,경북 청도군 여행지
825,경북 청도 여행지
826,청송군 여행지
827,청송 여행지
828,경북 여행지
829,경북 청송군 여행지
830,경북 청송 여행지
831,청양군 여행지
832,청양 여행지
833,충남 여행지
834,충남 청양군 여행지
835,충남 청양 여행지
836,청주시 여행지
837,청주 여행지
838,충북 여행지
839,충북 청주시 여행지
840,충북 청주 여행지
841,춘천시 여행지
842,춘천 여행지
843,충주시 여행지
844,충주 여행지
845,충북 여행지
846,충북 충주시 여행지
847,충북 충주 여행지
848,칠곡군 여행지
849,칠곡 여행지
850,경북 여행지
851,경북 칠곡군 여행지
852,경북 칠곡 여행지
853,태백시 여행지
854,태백 여행지
855,태안군 여행지
856,태안 여행지
857,충남 여행지
858,충남 태안군 여행지
859,충남 태안 여행지
860,통영시 여행지
861,통영 여행지
862,경남 여행지
863,경남 통영시 여행지
864,경남 통영 여행지
865,파주시 여행지
866,파주 여행지
867,평창군 여행지
868,평창 여행지
869,평택시 여행지
870,평택 여행지
871,포천시 여행지
872,포천 여행지
873,포항시 여행지
874,포항 여행지
875,경북 여행지
876,경북 포항시 여행지
877,경북 포항 여행지
878,하남시 여행지
879,하남 여행지
880,하동군 여행지
881,하동 여행지
882,경남 여행지
883,경남 하동군 여행지
884,경남 하동 여행지
885,함안군 여행지
886,함안 여행지
887,경남 여행지
888,경남 함안군 여행지
889,경남 함안 여행지
890,함양군 여행지
891,함양 여행지
892,경남 여행지
893,경남 함양군 여행지
894,경남 함양 여행지
895,함평군 여행지
896,함평 여행지
897,전남 여행지
898,전남 함평군 여행지
899,전남 함평 여행지
900,합천군 여행지
901,합천 여행지
902,경남 여행지
903,경남 합천군 여행지
904,경남 합천 여행지
905,해남군 여행지
906,해남 여행지
907,전남 여행지
908,전남 해남군 여행지
909,전남 해남 여행지
910,해운대구 여행지
911,해운대 여행지
912,부산 여행지
913,부산 해운대구 여행지
914,부산 해운대 여행지
915,홍성군 여행지
916,홍성 여행지
917,충남 여행지
918,충남 홍성군 여행지
919,충남 홍성 여행지
920,홍천군 여행지
921,홍천 여행지
922,화성시 여행지
923,화성 여행지
924,화순군 여행지
925,화순 여행지
926,전남 여행지
927,전남 화순군 여행지
928,전남 화순 여행지
929,화천군 여행지
930,화천 여행지
931,횡성군 여행지
932,횡성 여행지
933,세종 여행지
